20;Samsung Step Detector Sensor;1.0;1,55719E+12
20;Samsung Step Detector Sensor;1.0;1,55719E+12
21;Samsung Step Detector Sensor;1.0;1,55719E+12
21;Samsung Step Detector Sensor;1.0;1,55719E+12
21;Samsung Step Detector Sensor;1.0;1,55719E+12
21;Samsung Step Detector Sensor;1.0;1,55719E+12
21;Samsung Step Detector Sensor;1.0;1,55719E+12
21;Samsung Step Detector Sensor;1.0;1,55719E+12
21;Samsung Step Detector Sensor;1.0;1,55719E+12
21;Samsung Step Detector Sensor;1.0;1,55719E+12
21;Samsung Step Detector Sensor;1.0;1,55719E+12
21;Samsung Step Detector Sensor;1.0;1,55719E+12
21;Samsung Step Detector Sensor;1.0;1,55719E+12
21;Samsung Step Detector Sensor;1.0;1,55719E+12
21;Samsung Step Detector Sensor;1.0;1,55719E+12
21;Samsung Step Detector Sensor;1.0;1,55719E+12
21;Samsung Step Detector Sensor;1.0;1,55719E+12
21;Samsung Step Detector Sensor;1.0;1,55719E+12
21;Samsung Step Detector Sensor;1.0;1,55719E+12
21;Samsung Step Detector Sensor;1.0;1,55719E+12
21;Samsung Step Detector Sensor;1.0;1,55719E+12
21;Samsung Step Detector Sensor;1.0;1,55719E+12
21;Samsung Step Detector Sensor;1.0;1,55719E+12
21;Samsung Step Detector Sensor;1.0;1,55719E+12
21;Samsung Step Detector Sensor;1.0;1,55719E+12
21;Samsung Step Detector Sensor;1.0;1,55719E+12
21;Samsung Step Detector Sensor;1.0;1,55719E+12
21;Samsung Step Detector Sensor;1.0;1,55719E+12
21;Samsung Step Detector Sensor;1.0;1,55719E+12
21;Samsung Step Detector Sensor;1.0;1,55719E+12
21;Samsung Step Detector Sensor;1.0;1,55719E+12
21;Samsung Step Detector Sensor;1.0;1,55719E+12
21;Samsung Step Detector Sensor;1.0;1,55719E+12
21;Samsung Step Detector Sensor;1.0;1,55719E+12
21;Samsung Step Detector Sensor;1.0;1,55719E+12
21;Samsung Step Detector Sensor;1.0;1,55719E+12
21;Samsung Step Detector Sensor;1.0;1,55719E+12
21;Samsung Step Detector Sensor;1.0;1,55719E+12
21;Samsung Step Detector Sensor;1.0;1,55719E+12
21;Samsung Step Detector Sensor;1.0;1,55719E+12
21;Samsung Step Detector Sensor;1.0;1,55719E+12
21;Samsung Step Detector Sensor;1.0;1,55719E+12
21;Samsung Step Detector Sensor;1.0;1,55719E+12
21;Samsung Step Detector Sensor;1.0;1,55719E+12
21;Samsung Step Detector Sensor;1.0;1,55719E+12
21;Samsung Step Detector Sensor;1.0;1,55719E+12
21;Samsung Step Detector Sensor;1.0;1,55719E+12
21;Samsung Step Detector Sensor;1.0;1,55719E+12
21;Samsung Step Detector Sensor;1.0;1,55719E+12
21;Samsung Step Detector Sensor;1.0;1,55719E+12
21;Samsung Step Detector Sensor;1.0;1,55719E+12
21;Samsung Step Detector Sensor;1.0;1,55719E+12
21;Samsung Step Detector Sensor;1.0;1,55719E+12
21;Samsung Step Detector Sensor;1.0;1,55719E+12
21;Samsung Step Detector Sensor;1.0;1,55719E+12
21;Samsung Step Detector Sensor;1.0;1,55719E+12
22;Samsung Step Detector Sensor;1.0;1,55719E+12
22;Samsung Step Detector Sensor;1.0;1,55719E+12
22;Samsung Step Detector Sensor;1.0;1,55719E+12
22;Samsung Step Detector Sensor;1.0;1,55719E+12
22;Samsung Step Detector Sensor;1.0;1,55719E+12
22;Samsung Step Detector Sensor;1.0;1,55719E+12
22;Samsung Step Detector Sensor;1.0;1,55719E+12
22;Samsung Step Detector Sensor;1.0;1,55719E+12
22;Samsung Step Detector Sensor;1.0;1,55719E+12
22;Samsung Step Detector Sensor;1.0;1,55719E+12
22;Samsung Step Detector Sensor;1.0;1,55719E+12
22;Samsung Step Detector Sensor;1.0;1,55719E+12
22;Samsung Step Detector Sensor;1.0;1,55719E+12
22;Samsung Step Detector Sensor;1.0;1,55719E+12
22;Samsung Step Detector Sensor;1.0;1,55719E+12
22;Samsung Step Detector Sensor;1.0;1,55719E+12
22;Samsung Step Detector Sensor;1.0;1,55719E+12
22;Samsung Step Detector Sensor;1.0;1,55719E+12
22;Samsung Step Detector Sensor;1.0;1,55719E+12
22;Samsung Step Detector Sensor;1.0;1,55719E+12
22;Samsung Step Detector Sensor;1.0;1,55719E+12
22;Samsung Step Detector Sensor;1.0;1,55719E+12
22;Samsung Step Detector Sensor;1.0;1,55719E+12
22;Samsung Step Detector Sensor;1.0;1,55719E+12
22;Samsung Step Detector Sensor;1.0;1,55719E+12
22;Samsung Step Detector Sensor;1.0;1,55719E+12
22;Samsung Step Detector Sensor;1.0;1,55719E+12
22;Samsung Step Detector Sensor;1.0;1,55719E+12
22;Samsung Step Detector Sensor;1.0;1,55719E+12
22;Samsung Step Detector Sensor;1.0;1,55719E+12
22;Samsung Step Detector Sensor;1.0;1,55719E+12
22;Samsung Step Detector Sensor;1.0;1,55719E+12
22;Samsung Step Detector Sensor;1.0;1,55719E+12
22;Samsung Step Detector Sensor;1.0;1,55719E+12
22;Samsung Step Detector Sensor;1.0;1,55719E+12
22;Samsung Step Detector Sensor;1.0;1,55719E+12
22;Samsung Step Detector Sensor;1.0;1,55719E+12
22;Samsung Step Detector Sensor;1.0;1,55719E+12
22;Samsung Step Detector Sensor;1.0;1,55719E+12
22;Samsung Step Detector Sensor;1.0;1,55719E+12
22;Samsung Step Detector Sensor;1.0;1,55719E+12
22;Samsung Step Detector Sensor;1.0;1,55719E+12
22;Samsung Step Detector Sensor;1.0;1,55719E+12
22;Samsung Step Detector Sensor;1.0;1,55719E+12
22;Samsung Step Detector Sensor;1.0;1,55719E+12
22;Samsung Step Detector Sensor;1.0;1,55719E+12
22;Samsung Step Detector Sensor;1.0;1,55719E+12
22;Samsung Step Detector Sensor;1.0;1,55719E+12
22;Samsung Step Detector Sensor;1.0;1,55719E+12
22;Samsung Step Detector Sensor;1.0;1,55719E+12
22;Samsung Step Detector Sensor;1.0;1,55719E+12
22;Samsung Step Detector Sensor;1.0;1,55719E+12
22;Samsung Step Detector Sensor;1.0;1,55719E+12
22;Samsung Step Detector Sensor;1.0;1,55719E+12
22;Samsung Step Detector Sensor;1.0;1,55719E+12
22;Samsung Step Detector Sensor;1.0;1,55719E+12
22;Samsung Step Detector Sensor;1.0;1,55719E+12
22;Samsung Step Detector Sensor;1.0;1,55719E+12
22;Samsung Step Detector Sensor;1.0;1,55719E+12
22;Samsung Step Detector Sensor;1.0;1,55719E+12
22;Samsung Step Detector Sensor;1.0;1,55719E+12
22;Samsung Step Detector Sensor;1.0;1,55719E+12
22;Samsung Step Detector Sensor;1.0;1,55719E+12
22;Samsung Step Detector Sensor;1.0;1,55719E+12
22;Samsung Step Detector Sensor;1.0;1,55719E+12
22;Samsung Step Detector Sensor;1.0;1,55719E+12
23;Samsung Step Detector Sensor;1.0;1,55719E+12
23;Samsung Step Detector Sensor;1.0;1,55719E+12
23;Samsung Step Detector Sensor;1.0;1,55719E+12
23;Samsung Step Detector Sensor;1.0;1,55719E+12
23;Samsung Step Detector Sensor;1.0;1,55719E+12
23;Samsung Step Detector Sensor;1.0;1,55719E+12
23;Samsung Step Detector Sensor;1.0;1,55719E+12
23;Samsung Step Detector Sensor;1.0;1,55719E+12
23;Samsung Step Detector Sensor;1.0;1,55719E+12
23;Samsung Step Detector Sensor;1.0;1,55719E+12
23;Samsung Step Detector Sensor;1.0;1,55719E+12
23;Samsung Step Detector Sensor;1.0;1,55719E+12
23;Samsung Step Detector Sensor;1.0;1,55719E+12
23;Samsung Step Detector Sensor;1.0;1,55719E+12
23;Samsung Step Detector Sensor;1.0;1,55719E+12
23;Samsung Step Detector Sensor;1.0;1,55719E+12
23;Samsung Step Detector Sensor;1.0;1,55719E+12
23;Samsung Step Detector Sensor;1.0;1,55719E+12
23;Samsung Step Detector Sensor;1.0;1,55719E+12
23;Samsung Step Detector Sensor;1.0;1,55719E+12
23;Samsung Step Detector Sensor;1.0;1,55719E+12
23;Samsung Step Detector Sensor;1.0;1,55719E+12
23;Samsung Step Detector Sensor;1.0;1,55719E+12
23;Samsung Step Detector Sensor;1.0;1,55719E+12
23;Samsung Step Detector Sensor;1.0;1,55719E+12
23;Samsung Step Detector Sensor;1.0;1,55719E+12
23;Samsung Step Detector Sensor;1.0;1,55719E+12
23;Samsung Step Detector Sensor;1.0;1,55719E+12
23;Samsung Step Detector Sensor;1.0;1,55719E+12
23;Samsung Step Detector Sensor;1.0;1,55719E+12
23;Samsung Step Detector Sensor;1.0;1,55719E+12
23;Samsung Step Detector Sensor;1.0;1,55719E+12
23;Samsung Step Detector Sensor;1.0;1,55719E+12
23;Samsung Step Detector Sensor;1.0;1,55719E+12
23;Samsung Step Detector Sensor;1.0;1,55719E+12
23;Samsung Step Detector Sensor;1.0;1,55719E+12
23;Samsung Step Detector Sensor;1.0;1,55719E+12
23;Samsung Step Detector Sensor;1.0;1,55719E+12
23;Samsung Step Detector Sensor;1.0;1,55719E+12
23;Samsung Step Detector Sensor;1.0;1,55719E+12
23;Samsung Step Detector Sensor;1.0;1,55719E+12
23;Samsung Step Detector Sensor;1.0;1,55719E+12
23;Samsung Step Detector Sensor;1.0;1,55719E+12
23;Samsung Step Detector Sensor;1.0;1,55719E+12
23;Samsung Step Detector Sensor;1.0;1,55719E+12
23;Samsung Step Detector Sensor;1.0;1,55719E+12
23;Samsung Step Detector Sensor;1.0;1,55719E+12
23;Samsung Step Detector Sensor;1.0;1,55719E+12
23;Samsung Step Detector Sensor;1.0;1,55719E+12
23;Samsung Step Detector Sensor;1.0;1,55719E+12
23;Samsung Step Detector Sensor;1.0;1,55719E+12
23;Samsung Step Detector Sensor;1.0;1,55719E+12
23;Samsung Step Detector Sensor;1.0;1,55719E+12
23;Samsung Step Detector Sensor;1.0;1,55719E+12
23;Samsung Step Detector Sensor;1.0;1,55719E+12
23;Samsung Step Detector Sensor;1.0;1,55719E+12
23;Samsung Step Detector Sensor;1.0;1,55719E+12
23;Samsung Step Detector Sensor;1.0;1,55719E+12
23;Samsung Step Detector Sensor;1.0;1,55719E+12
23;Samsung Step Detector Sensor;1.0;1,55719E+12
23;Samsung Step Detector Sensor;1.0;1,55719E+12
23;Samsung Step Detector Sensor;1.0;1,55719E+12
23;Samsung Step Detector Sensor;1.0;1,55719E+12
23;Samsung Step Detector Sensor;1.0;1,55719E+12
23;Samsung Step Detector Sensor;1.0;1,55719E+12
23;Samsung Step Detector Sensor;1.0;1,55719E+12
23;Samsung Step Detector Sensor;1.0;1,55719E+12
23;Samsung Step Detector Sensor;1.0;1,55719E+12
23;Samsung Step Detector Sensor;1.0;1,55719E+12
24;Samsung Step Detector Sensor;1.0;1,55719E+12
24;Samsung Step Detector Sensor;1.0;1,55719E+12
24;Samsung Step Detector Sensor;1.0;1,55719E+12
24;Samsung Step Detector Sensor;1.0;1,55719E+12
24;Samsung Step Detector Sensor;1.0;1,55719E+12
24;Samsung Step Detector Sensor;1.0;1,55719E+12
24;Samsung Step Detector Sensor;1.0;1,55719E+12
24;Samsung Step Detector Sensor;1.0;1,55719E+12
24;Samsung Step Detector Sensor;1.0;1,55719E+12
24;Samsung Step Detector Sensor;1.0;1,55719E+12
24;Samsung Step Detector Sensor;1.0;1,55719E+12
24;Samsung Step Detector Sensor;1.0;1,55719E+12
24;Samsung Step Detector Sensor;1.0;1,55719E+12
24;Samsung Step Detector Sensor;1.0;1,55719E+12
24;Samsung Step Detector Sensor;1.0;1,55719E+12
24;Samsung Step Detector Sensor;1.0;1,55719E+12
24;Samsung Step Detector Sensor;1.0;1,55719E+12
24;Samsung Step Detector Sensor;1.0;1,55719E+12
24;Samsung Step Detector Sensor;1.0;1,55719E+12
24;Samsung Step Detector Sensor;1.0;1,55719E+12
24;Samsung Step Detector Sensor;1.0;1,55719E+12
24;Samsung Step Detector Sensor;1.0;1,55719E+12
24;Samsung Step Detector Sensor;1.0;1,55719E+12
24;Samsung Step Detector Sensor;1.0;1,55719E+12
24;Samsung Step Detector Sensor;1.0;1,55719E+12
24;Samsung Step Detector Sensor;1.0;1,55719E+12
24;Samsung Step Detector Sensor;1.0;1,55719E+12
24;Samsung Step Detector Sensor;1.0;1,55719E+12
24;Samsung Step Detector Sensor;1.0;1,55719E+12
24;Samsung Step Detector Sensor;1.0;1,55719E+12
24;Samsung Step Detector Sensor;1.0;1,55719E+12
24;Samsung Step Detector Sensor;1.0;1,55719E+12
24;Samsung Step Detector Sensor;1.0;1,55719E+12
24;Samsung Step Detector Sensor;1.0;1,55719E+12
24;Samsung Step Detector Sensor;1.0;1,55719E+12
24;Samsung Step Detector Sensor;1.0;1,55719E+12
24;Samsung Step Detector Sensor;1.0;1,55719E+12
24;Samsung Step Detector Sensor;1.0;1,55719E+12
24;Samsung Step Detector Sensor;1.0;1,55719E+12
24;Samsung Step Detector Sensor;1.0;1,55719E+12
24;Samsung Step Detector Sensor;1.0;1,55719E+12
24;Samsung Step Detector Sensor;1.0;1,55719E+12
24;Samsung Step Detector Sensor;1.0;1,55719E+12
24;Samsung Step Detector Sensor;1.0;1,55719E+12
24;Samsung Step Detector Sensor;1.0;1,55719E+12
24;Samsung Step Detector Sensor;1.0;1,55719E+12
24;Samsung Step Detector Sensor;1.0;1,55719E+12
24;Samsung Step Detector Sensor;1.0;1,55719E+12
24;Samsung Step Detector Sensor;1.0;1,55719E+12
24;Samsung Step Detector Sensor;1.0;1,55719E+12
24;Samsung Step Detector Sensor;1.0;1,55719E+12
24;Samsung Step Detector Sensor;1.0;1,55719E+12
24;Samsung Step Detector Sensor;1.0;1,55719E+12
24;Samsung Step Detector Sensor;1.0;1,55719E+12
24;Samsung Step Detector Sensor;1.0;1,55719E+12
24;Samsung Step Detector Sensor;1.0;1,55719E+12
24;Samsung Step Detector Sensor;1.0;1,55719E+12
24;Samsung Step Detector Sensor;1.0;1,55719E+12
24;Samsung Step Detector Sensor;1.0;1,55719E+12
24;Samsung Step Detector Sensor;1.0;1,55719E+12
24;Samsung Step Detector Sensor;1.0;1,55719E+12
24;Samsung Step Detector Sensor;1.0;1,55719E+12
24;Samsung Step Detector Sensor;1.0;1,55719E+12
24;Samsung Step Detector Sensor;1.0;1,55719E+12
24;Samsung Step Detector Sensor;1.0;1,55719E+12
24;Samsung Step Detector Sensor;1.0;1,55719E+12
24;Samsung Step Detector Sensor;1.0;1,55719E+12
25;Samsung Step Detector Sensor;1.0;1,55719E+12
25;Samsung Step Detector Sensor;1.0;1,55719E+12
25;Samsung Step Detector Sensor;1.0;1,55719E+12
25;Samsung Step Detector Sensor;1.0;1,55719E+12
25;Samsung Step Detector Sensor;1.0;1,55719E+12
25;Samsung Step Detector Sensor;1.0;1,55719E+12
25;Samsung Step Detector Sensor;1.0;1,55719E+12
25;Samsung Step Detector Sensor;1.0;1,55719E+12
25;Samsung Step Detector Sensor;1.0;1,55719E+12
25;Samsung Step Detector Sensor;1.0;1,55719E+12
25;Samsung Step Detector Sensor;1.0;1,55719E+12
25;Samsung Step Detector Sensor;1.0;1,55719E+12
25;Samsung Step Detector Sensor;1.0;1,55719E+12
25;Samsung Step Detector Sensor;1.0;1,55719E+12
25;Samsung Step Detector Sensor;1.0;1,55719E+12
25;Samsung Step Detector Sensor;1.0;1,55719E+12
25;Samsung Step Detector Sensor;1.0;1,55719E+12
25;Samsung Step Detector Sensor;1.0;1,55719E+12
25;Samsung Step Detector Sensor;1.0;1,55719E+12
25;Samsung Step Detector Sensor;1.0;1,55719E+12
25;Samsung Step Detector Sensor;1.0;1,55719E+12
25;Samsung Step Detector Sensor;1.0;1,55719E+12
25;Samsung Step Detector Sensor;1.0;1,55719E+12
25;Samsung Step Detector Sensor;1.0;1,55719E+12
25;Samsung Step Detector Sensor;1.0;1,55719E+12
25;Samsung Step Detector Sensor;1.0;1,55719E+12
25;Samsung Step Detector Sensor;1.0;1,55719E+12
25;Samsung Step Detector Sensor;1.0;1,55719E+12
25;Samsung Step Detector Sensor;1.0;1,55719E+12
25;Samsung Step Detector Sensor;1.0;1,55719E+12
25;Samsung Step Detector Sensor;1.0;1,55719E+12
25;Samsung Step Detector Sensor;1.0;1,55719E+12
25;Samsung Step Detector Sensor;1.0;1,55719E+12
25;Samsung Step Detector Sensor;1.0;1,55719E+12
25;Samsung Step Detector Sensor;1.0;1,55719E+12
25;Samsung Step Detector Sensor;1.0;1,55719E+12
25;Samsung Step Detector Sensor;1.0;1,55719E+12
25;Samsung Step Detector Sensor;1.0;1,55719E+12
25;Samsung Step Detector Sensor;1.0;1,55719E+12
25;Samsung Step Detector Sensor;1.0;1,55719E+12
25;Samsung Step Detector Sensor;1.0;1,55719E+12
25;Samsung Step Detector Sensor;1.0;1,55719E+12
25;Samsung Step Detector Sensor;1.0;1,55719E+12
25;Samsung Step Detector Sensor;1.0;1,55719E+12
25;Samsung Step Detector Sensor;1.0;1,55719E+12
25;Samsung Step Detector Sensor;1.0;1,55719E+12
25;Samsung Step Detector Sensor;1.0;1,55719E+12
25;Samsung Step Detector Sensor;1.0;1,55719E+12
25;Samsung Step Detector Sensor;1.0;1,55719E+12
25;Samsung Step Detector Sensor;1.0;1,55719E+12
25;Samsung Step Detector Sensor;1.0;1,55719E+12
25;Samsung Step Detector Sensor;1.0;1,55719E+12
25;Samsung Step Detector Sensor;1.0;1,55719E+12
25;Samsung Step Detector Sensor;1.0;1,55719E+12
25;Samsung Step Detector Sensor;1.0;1,55719E+12
25;Samsung Step Detector Sensor;1.0;1,55719E+12
25;Samsung Step Detector Sensor;1.0;1,55719E+12
25;Samsung Step Detector Sensor;1.0;1,55719E+12
25;Samsung Step Detector Sensor;1.0;1,55719E+12
25;Samsung Step Detector Sensor;1.0;1,55719E+12
25;Samsung Step Detector Sensor;1.0;1,55719E+12
25;Samsung Step Detector Sensor;1.0;1,55719E+12
25;Samsung Step Detector Sensor;1.0;1,55719E+12
25;Samsung Step Detector Sensor;1.0;1,55719E+12
25;Samsung Step Detector Sensor;1.0;1,55719E+12
25;Samsung Step Detector Sensor;1.0;1,55719E+12
25;Samsung Step Detector Sensor;1.0;1,55719E+12
25;Samsung Step Detector Sensor;1.0;1,55719E+12
25;Samsung Step Detector Sensor;1.0;1,55719E+12
25;Samsung Step Detector Sensor;1.0;1,55719E+12
26;Samsung Step Detector Sensor;1.0;1,55719E+12
26;Samsung Step Detector Sensor;1.0;1,55719E+12
26;Samsung Step Detector Sensor;1.0;1,55719E+12
26;Samsung Step Detector Sensor;1.0;1,55719E+12
26;Samsung Step Detector Sensor;1.0;1,55719E+12
26;Samsung Step Detector Sensor;1.0;1,55719E+12
26;Samsung Step Detector Sensor;1.0;1,55719E+12
27;Samsung Step Detector Sensor;1.0;1,55719E+12
